sno,COMP_CODE,CAT_CODE,SUBJECT_CODE,COURSE_NAME,TOTAL_UNITS,LECTURE_UNITS,PRACTICAL_UNITS,STATUS,PROGRAM_CODE,CDC_DEL,CDC_YEAR,EVEN_SEM,ODD_SEM,SUMMER_TERM
0,1389,ECE,F311,COMMUNICATION SYSTEMS,4,3,1,active,AA,CDC,3,FALSE,TRUE,FALSE
1,1388,ECE,F314,EM FILEDS & MICRO ENGG,3,3,0,active,AA,CDC,3,FALSE,TRUE,FALSE
2,1446,ECON,F311,INTERNATIONAL ECONOMICS,3,3,0,active,B3,CDC,3,FALSE,TRUE,FALSE
3,1447,ECON,F312,MONEY BANKING & FIN MARKETS,3,3,0,active,B3,CDC,3,FALSE,TRUE,FALSE
4,1448,ECON,F313,ISSUES IN ECONOMIC DEV,3,3,0,active,B3,CDC,3,FALSE,TRUE,FALSE
5,1242,EEE,F311,COMMUNICATION SYSTEMS,4,3,1,active,A3,CDC,3,FALSE,TRUE,FALSE
6,1112,BIO,F211,BIOLOGICAL CHEMISTRY,3,3,0,active,B1,CDC,2,FALSE,TRUE,FALSE
7,1004,BITS,F111,THERMODYNAMICS,3,3,0,active,A4,CDC,1,TRUE,TRUE,FALSE
8,1003,BITS,F110,ENGINEERING GRAPHICS,2,1,2,active,A2,CDC,1,TRUE,TRUE,FALSE
9,1010,MATH,F111,MATHEMATICS I,3,3,0,active,B4,CDC,1,FALSE,TRUE,FALSE
10,1013,ME,F112,WORKSHOP PRACTICE,2,1,1,active,A4,CDC,1,TRUE,TRUE,FALSE
11,1012,MATH,F113,PROBABILITY AND STATISTICS,3,3,0,active,B4,CDC,1,TRUE,FALSE,FALSE
12,1014,PHY,F110,PHYSICS LABORATORY,1,0,2,active,B5,CDC,1,TRUE,TRUE,FALSE
13,1009,EEE,F111,ELECTRICAL SCIENCES,3,3,0,active,A3,CDC,1,TRUE,TRUE,FALSE
14,1095,CS,F212,DATA BASE SYSTEMS,4,3,1,active,A7,CDC,2,TRUE,FALSE,FALSE
15,1094,CS,F211,DATA STRUCTURES & ALGO,4,3,1,active,A7,CDC,2,TRUE,FALSE,FALSE
16,1313,CS,F241,MICROPROC & INTERFACING,4,3,1,active,A7,CDC,2,TRUE,FALSE,FALSE
17,1180,CHE,F241,HEAT TRANSFER,3,3,0,active,A1,CDC,2,TRUE,FALSE,FALSE
18,1183,CHE,F244,SEPARATION PROCESSES I,3,3,0,active,A1,CDC,2,TRUE,FALSE,FALSE
19,1555,CHEM,F242,CHEMICAL EXPER I,3,0,3,active,B2,CDC,2,TRUE,FALSE,FALSE
20,1554,CHEM,F241,INORGANIC CHEMISTRY II,3,3,0,active,B2,CDC,2,TRUE,FALSE,FALSE
21,1263,ME,F241,MACHINE DESIGN & DRAWING,4,3,1,active,A4,CDC,2,TRUE,FALSE,FALSE
22,1266,ME,F244,KIN & DYN OF MACHINES,3,3,0,active,A4,CDC,2,TRUE,FALSE,FALSE
23,1085,ME,F215,MECHANICAL ENGG LAB,2,0,2,active,A4,CDC,2,TRUE,FALSE,FALSE
24,1264,ME,F242,IC ENGINES,2,2,0,active,A4,CDC,2,TRUE,FALSE,FALSE
25,1468,MATH,F244,MEASURE & INTEGRATION,3,3,0,active,B4,CDC,2,TRUE,FALSE,FALSE
26,1123,MATH,F213,DISCRETE MATHEMATICS,3,3,0,active,B4,CDC,2,FALSE,TRUE,FALSE
27,1465,MATH,F241,MATHEMATICAL METHODS,3,3,0,active,B4,CDC,2,TRUE,FALSE,FALSE
28,1194,CE,F244,HIGHWAY ENGINEERING,4,3,1,active,A2,CDC,2,TRUE,FALSE,FALSE
29,1191,CE,F241,ANALYSIS OF STRUCTURES,3,3,0,active,A2,CDC,2,TRUE,FALSE,FALSE
30,1193,CE,F243,SOIL MECHANICS,4,3,1,active,A2,CDC,2,TRUE,FALSE,FALSE
31,1237,BITS,F313,MULTICRITERION DEC MAKING IN ENGG & MGMT,3,3,0,active,A2,DEL,0,FALSE,FALSE,FALSE
32,1192,CE,F242,CONSTRUCTION PLANNING & TECH,3,3,0,active,A2,CDC,2,TRUE,FALSE,FALSE
33,1443,ECON,F242,MICROECONOMICS,3,3,0,active,B3,CDC,2,TRUE,FALSE,FALSE
34,1445,ECON,F244,ECONOMIC OF GROWTH & DEV,3,3,0,active,B3,CDC,2,TRUE,FALSE,FALSE
35,1444,ECON,F243,MACROECONOMICS,3,3,0,active,B3,CDC,2,TRUE,FALSE,FALSE
36,1442,ECON,F241,ECONOMETRIC METHODS,3,3,0,active,B3,CDC,2,TRUE,FALSE,FALSE
37,1024,MGTS,F211,PRINCIPLES OF MANAGEMENT,3,3,0,active,B3,CDC,2,TRUE,FALSE,FALSE
38,1294,PHA,F244,PHYSICAL PHARMACY,3,2,1,active,A5,CDC,2,TRUE,FALSE,FALSE
39,1086,PHA,F211,PHARMACEUTICAL ANALYSIS,3,2,1,active,A5,CDC,2,FALSE,TRUE,FALSE
40,1291,PHA,F241,PHARMACEUTICAL CHEMISTRY,3,2,1,active,A5,CDC,2,TRUE,FALSE,FALSE
41,1292,PHA,F242,BIOLOGICAL CHEMISTRY,3,2,1,active,A5,CDC,2,TRUE,FALSE,FALSE
42,1425,BIO,F243,GENETICS,3,3,0,active,B1,CDC,2,TRUE,FALSE,FALSE
43,1384,ECE,F241,MICROPROC & INTERFACING,4,3,1,active,AA,CDC,2,TRUE,FALSE,FALSE
44,1238,EEE,F241,MICROPROC & INTERFACING,4,3,1,active,A3,CDC,2,TRUE,FALSE,FALSE
45,1181,CHE,F242,NUM METHOD FOR CHEM ENGG,3,3,0,active,A1,CDC,2,TRUE,FALSE,FALSE
46,1466,MATH,F242,OPERATIONS RESEARCH,3,3,0,active,B4,CDC,2,TRUE,FALSE,FALSE
47,1427,BIO,F311,RECOMBINANT DNA TECH,3,3,0,active,B1,CDC,3,FALSE,TRUE,FALSE
48,1428,BIO,F312,PLANT PHYSIOLOGY,3,3,0,active,B1,CDC,3,FALSE,TRUE,FALSE
49,1429,BIO,F313,ANIMAL PHYSIOLOGY,3,3,0,active,B1,CDC,3,FALSE,TRUE,FALSE
50,1195,CE,F311,DES OF CONCRETE STRUCT,4,3,1,active,A2,CDC,3,FALSE,TRUE,FALSE
51,1196,CE,F312,HYDRAULIC ENGINEERING,4,3,1,active,A2,CDC,3,FALSE,TRUE,FALSE
52,1197,CE,F313,FOUNDATION ENGINEERING,3,3,0,active,A2,CDC,3,FALSE,TRUE,FALSE
53,1184,CHE,F311,KINETICS & REACTOR DESIGN,3,3,0,active,A1,CDC,3,FALSE,TRUE,FALSE
54,1185,CHE,F312,CHEMICAL ENGG LAB I,3,0,3,active,A1,CDC,3,FALSE,TRUE,FALSE
55,1186,CHE,F313,SEPARATION PROCESSES II,3,3,0,active,A1,CDC,3,FALSE,TRUE,FALSE
56,1187,CHE,F314,PROCESS DES PRINCIPLES I,3,3,0,active,A1,CDC,3,FALSE,TRUE,FALSE
57,1559,CHEM,F311,ORGANIC CHEMISTRY III,3,3,0,active,B2,CDC,3,FALSE,TRUE,FALSE
58,1560,CHEM,F312,PHYSICAL CHEMISTRY IV,3,3,0,active,B2,CDC,3,FALSE,TRUE,FALSE
59,1558,CHEM,F313,INSTRU METHODS OF ANAL,4,3,1,active,B2,CDC,3,FALSE,TRUE,FALSE
60,1316,CS,F301,PRINCIPLES OF PROGG LANG,2,2,0,active,A7,CDC,3,FALSE,TRUE,FALSE
61,1317,CS,F342,COMPUTER ARCHITECTURE,4,3,1,active,A7,CDC,3,TRUE,FALSE,FALSE
62,1314,CS,F351,THEORY OF COMPUTATION,3,3,0,active,A7,CDC,3,TRUE,FALSE,FALSE
63,1315,CS,F372,OPERATING SYSTEMS,3,3,0,active,A7,CDC,3,FALSE,TRUE,FALSE
64,1201,CHE,F414,TRANSPORT PHENOMENA,3,3,0,active,A1,DEL,0,FALSE,FALSE,FALSE
65,1794,BITS,F428,ESSENTIALS OF STRATE MGT,3,3,0,active,B3,DEL,0,FALSE,FALSE,FALSE
66,1778,ME,F433,SOLAR THERMAL PROCESS ENGG,4,3,1,active,A4,DEL,0,FALSE,FALSE,FALSE
67,1575,CHEM,F326,SOLID STATE CHEMISTRY,3,3,0,active,B2,DEL,0,FALSE,FALSE,FALSE
68,1423,BIO,F215,BIOPHYSICS,3,3,0,active,B1,CDC,3,TRUE,FALSE,FALSE
69,1281,ME,F420,POWER PLANT ENGINEERING,3,3,0,active,A4,DEL,0,FALSE,FALSE,FALSE
70,1284,ME,F443,QUALI CONTRO ASSUR & REL,3,3,0,active,A4,DEL,0,FALSE,FALSE,FALSE
71,1561,CHEM,F341,CHEMICAL EXPER II,4,0,4,active,B2,CDC,3,TRUE,FALSE,FALSE
72,1563,CHEM,F343,INORGANIC CHEMISTRY III,3,3,0,active,B2,CDC,3,TRUE,FALSE,FALSE
73,1341,INSTR,F241,MICROPROC & INTERFACING,4,3,1,active,A8,CDC,2,TRUE,FALSE,FALSE
74,1318,CS,F363,COMPILER CONSTRUCTION,3,2,1,active,A7,DEL,0,FALSE,FALSE,FALSE
75,1319,CS,F364,DESIGN & ANAL OF ALGO,3,3,0,active,A7,DEL,0,FALSE,FALSE,FALSE
76,1320,CS,F303,COMPUTER NETWORKS,4,3,1,active,A7,CDC,3,TRUE,FALSE,FALSE
77,1328,CS,F413,INTERNETWORKING TECH,3,3,0,active,A7,DEL,0,FALSE,FALSE,FALSE
78,1261,EEE,F418,MOD COMMUNICATION TECH,3,3,0,active,A3,DEL,0,FALSE,FALSE,FALSE
79,1489,PHY,F341,SOLID STATE PHYSICS,3,3,0,active,B5,CDC,3,TRUE,FALSE,FALSE
80,1490,PHY,F342,ATOMIC & MOLECULAR PHY,3,3,0,active,B5,CDC,3,TRUE,FALSE,FALSE
81,1491,PHY,F343,NUCLEAR & PARTICLE PHY,3,3,0,active,B5,CDC,3,TRUE,FALSE,FALSE
82,1492,PHY,F344,ADVANCED PHYSICS LAB,3,0,3,active,B5,CDC,3,TRUE,FALSE,FALSE
83,1253,EEE,F433,ELECTR MAG FIELD & WAVES,3,3,0,active,A3,DEL,0,FALSE,FALSE,FALSE
84,1493,PHY,F215,INTRO TO ASTRO & ASTROPH,3,3,0,active,B5,CDC,2,TRUE,FALSE,FALSE
85,1752,BIO,F377,DESIGN PROJECT,3,0,0,active,B1,DEL,0,FALSE,FALSE,FALSE
86,1758,EEE,F377,DESIGN PROJECT,3,0,0,active,A3,DEL,0,FALSE,FALSE,FALSE
87,1694,INSTR,F376,DESIGN PROJECT,3,0,0,active,A8,DEL,0,FALSE,FALSE,FALSE
88,1761,INSTR,F377,DESIGN PROJECT,3,0,0,active,A8,DEL,0,FALSE,FALSE,FALSE
89,1763,MATH,F377,DESIGN PROJECT,3,0,0,active,B4,DEL,0,FALSE,FALSE,FALSE
90,1764,ME,F377,DESIGN PROJECT,3,0,0,active,A4,DEL,0,FALSE,FALSE,FALSE
91,1766,PHA,F377,DESIGN PROJECT,3,0,0,active,A5,DEL,0,FALSE,FALSE,FALSE
92,1767,PHY,F377,DESIGN PROJECT,3,0,0,active,B5,DEL,0,FALSE,FALSE,FALSE
93,1736,BIO,F367,LABORATORY PROJECT,3,0,0,active,B1,DEL,0,FALSE,FALSE,FALSE
94,1739,CHEM,F367,LABORATORY PROJECT,3,0,0,active,B2,DEL,0,FALSE,FALSE,FALSE
95,1740,CS,F367,LABORATORY PROJECT,3,0,0,active,A7,DEL,0,FALSE,FALSE,FALSE
96,1705,ECE,F367,LABORATORY PROJECT,3,0,0,active,AA,DEL,0,FALSE,FALSE,FALSE
97,1741,ECON,F367,LABORATORY PROJECT,3,0,0,active,B3,DEL,0,FALSE,FALSE,FALSE
98,1742,EEE,F367,LABORATORY PROJECT,3,0,0,active,A3,DEL,0,FALSE,FALSE,FALSE
99,1747,MATH,F367,LABORATORY PROJECT,3,0,0,active,B4,DEL,0,FALSE,FALSE,FALSE
100,1748,ME,F367,LABORATORY PROJECT,3,0,0,active,A4,DEL,0,FALSE,FALSE,FALSE
101,1750,PHA,F367,LABORATORY PROJECT,3,0,0,active,A5,DEL,0,FALSE,FALSE,FALSE
102,1751,PHY,F367,LABORATORY PROJECT,3,0,0,active,B5,DEL,0,FALSE,FALSE,FALSE
103,1737,CE,F367,LABORATORY PROJECT,3,0,0,active,A2,DEL,0,FALSE,FALSE,FALSE
104,1738,CHE,F367,LABORATORY PROJECT,3,0,0,active,A1,DEL,0,FALSE,FALSE,FALSE
105,1812,BITS,F442,REMOTE SENS & IMAGE PROC,3,3,0,active,A2,DEL,0,FALSE,FALSE,FALSE
106,1301,PHA,F343,FORENSIC PHARMACY,2,2,0,active,A5,CDC,3,TRUE,FALSE,FALSE
107,1302,PHA,F344,NATURAL DRUGS,3,2,1,active,A5,CDC,3,TRUE,FALSE,FALSE
108,1304,PHA,F414,BIOPHARMACEUTICS,3,3,0,active,A5,DEL,0,FALSE,FALSE,FALSE
109,1853,BITS,F345,INFORMATION LAW & CYBER LAW,3,3,0,active,B3,DEL,0,FALSE,FALSE,FALSE
110,1769,BITS,F419,MANAGEMENT OF CROSS-CULTURAL ENGINEERING TEAMS,3,3,0,active,B3,DEL,0,FALSE,FALSE,FALSE
111,1562,CHEM,F342,ORGANIC CHEMISTRY IV,3,3,0,active,B2,CDC,3,TRUE,FALSE,FALSE
112,1699,PHA,F376,DESIGN PROJECT,3,0,0,active,A5,DEL,0,FALSE,FALSE,FALSE
113,1303,PHA,F413,PHARMA MANG & QUAL CONTR,3,3,0,active,A5,DEL,0,FALSE,FALSE,FALSE
114,1296,PHA,F341,PHARMACOLOGY II,3,2,1,active,A5,CDC,3,TRUE,FALSE,FALSE
115,1298,PHA,F342,MEDICINAL CHEMISTRY II,3,2,1,active,A5,CDC,3,TRUE,FALSE,FALSE
116,1808,BITS,F416,INTRO TO NANO SCIENCE,3,3,0,active,B5,DEL,0,FALSE,FALSE,FALSE
117,1690,ECON,F376,DESIGN PROJECT,3,0,0,active,B3,DEL,0,FALSE,FALSE,FALSE
118,1684,ECON,F366,LABORATORY PROJECT,3,0,0,active,B3,DEL,0,FALSE,FALSE,FALSE
119,1230,CE,F416,COMP APPL IN CIVIL ENGG,4,2,2,active,A2,DEL,0,FALSE,FALSE,FALSE
120,1572,CHEM,F325,POLYMER CHEMISTRY,3,3,0,active,B2,DEL,0,FALSE,FALSE,FALSE
121,1586,CHEM,F336,NANOCHEMISTRY,4,3,1,active,B2,DEL,0,FALSE,FALSE,FALSE
122,1587,CHEM,F337,GREEN CHEM & CATALYSIS,3,3,0,active,B2,DEL,0,FALSE,FALSE,FALSE
123,1402,MF,F311,MECHATRONICS & AUTOMAT,3,2,1,active,A4,DEL,0,FALSE,FALSE,FALSE
124,1412,MF,F412,AUTOMOTIVE SYSTEMS,3,3,0,active,A4,DEL,0,FALSE,FALSE,FALSE
125,1346,INSTR,F312,TRANSD & MEASUREMENT TEC,3,3,0,active,A8,CDC,3,FALSE,TRUE,FALSE
126,1347,INSTR,F313,ANALOG & DIGITAL VLSI DES,3,3,0,active,A8,CDC,3,FALSE,TRUE,FALSE
127,1345,INSTR,F311,ELECTRO INST & INST TECH,4,3,1,active,A8,CDC,3,FALSE,TRUE,FALSE
128,1496,PHY,F413,PARTICLE PHYSICS,4,3,1,active,B5,DEL,0,FALSE,FALSE,FALSE
129,1696,MATH,F376,DESIGN PROJECT,3,0,0,active,B4,DEL,0,FALSE,FALSE,FALSE
130,1500,PHY,F417,EXPT METHODS OF PHYSICS,4,3,1,active,B5,DEL,0,FALSE,FALSE,FALSE
131,1859,PHY,F112,GENERAL PHYSICS,3,3,0,active,B5,CDC,1,TRUE,TRUE,FALSE
132,1660,INSTR,F266,STUDY PROJECT,3,0,0,active,A8,DEL,0,FALSE,FALSE,FALSE
133,1734,INSTR,F366,LABORATORY PROJECT,3,0,0,active,A8,DEL,0,FALSE,FALSE,FALSE
134,1745,INSTR,F367,LABORATORY PROJECT,3,0,0,active,A8,DEL,0,FALSE,FALSE,FALSE
135,1418,MF,F421,SUPPLY CHAIN MANAGEMENT,4,0,0,active,A4,DEL,0,FALSE,FALSE,FALSE
136,1497,PHY,F414,PHYSICS OF ADVANCED MATERIALS,4,3,1,active,B5,DEL,0,FALSE,FALSE,FALSE
137,1498,PHY,F415,GENERAL THEORY OF RELATIVITY AND COSMOLOGY,4,3,1,active,B5,DEL,0,FALSE,FALSE,FALSE
138,1710,BIO,F491,SPECIAL PROJECTS,3,0,0,active,B1,DEL,0,FALSE,FALSE,FALSE
139,1348,INSTR,F341,ANALOG ELECTRONICS,4,3,1,active,A8,CDC,3,TRUE,FALSE,FALSE
140,1349,INSTR,F342,POWER ELECTRONICS,4,3,1,active,A8,CDC,3,TRUE,FALSE,FALSE
141,1350,INSTR,F343,INDUS INSTRUMENT & CONT,3,3,0,active,A8,CDC,3,TRUE,FALSE,FALSE
142,1217,CE,F324,NUMERICAL ANALYSIS,3,3,0,active,A2,DEL,0,FALSE,FALSE,FALSE
143,1286,ME,F452,COMPOSITE MATERIAL & DES,3,3,0,active,A4,DEL,0,FALSE,FALSE,FALSE
144,1881,MATH,F444,NUMERICA SOLUTIONS TO ODE,3,3,0,active,B4,DEL,0,FALSE,FALSE,FALSE
145,1860,BITS,F114,GENERAL MATHEMATICS II,3,3,0,active,B4,CDC,1,TRUE,TRUE,FALSE
146,1330,MATH,F441,DISCRETE MATHS STRUC,3,3,0,active,B4,DEL,0,FALSE,FALSE,FALSE
147,1857,CS,F469,INFORMATION RETRIEVAL,3,3,0,active,A7,DEL,0,FALSE,FALSE,FALSE
148,1577,CHEM,F327,ELECTROCHEM FUNDA & APPL,3,3,0,active,B2,DEL,0,FALSE,FALSE,FALSE
149,1868,ME,F484,AUTOMOTIVE TECHNOLOGY,3,3,0,active,A4,DEL,0,FALSE,FALSE,FALSE
150,1875,ECON,F435,MARKETING RESEARCH,3,3,0,active,B3,DEL,0,FALSE,FALSE,FALSE
151,1716,EEE,F491,SPECIAL PROJECT,3,0,0,active,A3,DEL,0,FALSE,FALSE,FALSE
152,1704,ECE,F491,SPECIAL PROJECT,3,0,0,active,AA,DEL,0,FALSE,FALSE,FALSE
153,1714,CS,F491,SPECIAL PROJECT,3,0,0,active,A7,DEL,0,FALSE,FALSE,FALSE
154,1724,PHA,F491,SPECIAL PROJECT,3,0,0,active,A5,DEL,0,FALSE,FALSE,FALSE
155,1333,CS,F407,ARTIFICIAL INTELLIGENCE,3,3,0,active,A7,DEL,0,FALSE,FALSE,FALSE
156,1773,ECON,F314,INDUSTRIAL ECONOMICS,3,3,0,active,B3,DEL,0,FALSE,FALSE,FALSE
157,1254,EEE,F422,MODERN CONTROL SYSTEMS,3,3,0,active,A3,DEL,0,FALSE,FALSE,FALSE
158,1247,EEE,F432,MEDICAL INSTRUMENTATION,3,3,0,active,A3,DEL,0,FALSE,FALSE,FALSE
159,1351,INSTR,F432,MEDICAL INSTRUMENTAITON,3,3,0,active,A8,DEL,0,FALSE,FALSE,FALSE
160,1797,BITS,F468,NEW VENTURE CREATION,3,3,0,active,B3,DEL,0,FALSE,FALSE,FALSE
161,1452,ECON,F351,INDIAN ECONOMIC DEV,3,3,0,active,B3,DEL,0,FALSE,FALSE,FALSE
162,1568,ECON,F471,RESOURCES & ENVIR ECON,3,3,0,active,B3,DEL,0,FALSE,FALSE,FALSE
163,1550,ECON,F411,PROJECT APPRAISAL,3,3,0,active,B3,DEL,0,FALSE,FALSE,FALSE
164,1566,ECON,F412,SECUR ANAL & PORTFOL MGT,3,3,0,active,B3,DEL,0,FALSE,FALSE,FALSE
165,1547,ECON,F355,BUSS ANAL & VALUATION,3,3,0,active,B3,DEL,0,FALSE,FALSE,FALSE
166,1552,ECON,F414,CREAT & LEAD ENTREP ORGN,3,3,0,active,B3,DEL,0,FALSE,FALSE,FALSE
167,1567,ECON,F422,FUNT & WORK STOCK EXCHAN,3,3,0,active,B3,DEL,0,FALSE,FALSE,FALSE
168,1327,CS,F401,MULTIMEDIA COMPUTING,3,3,0,active,A7,DEL,0,FALSE,FALSE,FALSE
169,1339,BITS,F464,MACHINE LEARNING,3,3,0,active,A7,DEL,0,FALSE,FALSE,FALSE
170,1204,CHE,F413,PROCESS PLANT SAFETY,3,3,0,active,A1,DEL,0,FALSE,FALSE,FALSE
171,1200,CE,F343,DESIGN OF STEEL STRUCTURES,3,3,0,active,A2,CDC,3,TRUE,FALSE,FALSE
172,1227,CE,F431,PRIN OF GEO INFO SYST,4,3,1,active,A2,DEL,0,FALSE,FALSE,FALSE
173,1324,CS,F424,SOFTWARE FOR EMBEDED SYS,4,3,1,active,A7,DEL,0,FALSE,FALSE,FALSE
174,1494,PHY,F315,THEORY OF RELATIVITY,3,3,0,active,B5,DEL,0,FALSE,FALSE,FALSE
175,1683,PHY,F366,LABORATORY PROJECT,3,3,0,active,B5,DEL,0,FALSE,FALSE,FALSE
176,1700,PHY,F376,DESIGN PROJECT,3,3,0,active,B5,DEL,0,FALSE,FALSE,FALSE
177,1215,CE,F323,INTRO TO ENVIRN ENGG,3,3,0,active,A2,DEL,0,FALSE,FALSE,FALSE
178,1219,CE,F432,STRUCTURAL DYNAMICS,3,3,0,active,A2,DEL,0,FALSE,FALSE,FALSE
179,1434,BIO,F418,GENETIC ENGINEERING TECH,4,1,3,active,B1,DEL,0,FALSE,FALSE,FALSE
180,1796,BITS,F462,RENEWABLE ENERGY,3,3,0,active,A4,DEL,0,FALSE,FALSE,FALSE
181,1867,ME,F483,WIND ENERGY,3,3,0,active,A4,DEL,0,FALSE,FALSE,FALSE
182,1287,ME,F461,REFRIGERATION & AIRCOND,3,3,0,active,A4,DEL,0,FALSE,FALSE,FALSE
183,1213,CHE,F418,MODEL & SIMU IN CHE ENGG,3,3,0,active,A1,DEL,0,FALSE,FALSE,FALSE
184,1545,FIN,F313,SECUR ANAL & PORTFOL MGT,3,3,0,active,B3,DEL,0,FALSE,FALSE,FALSE
185,1539,FIN,F311,DERIVATIVES & RISK MGMT,3,3,0,active,B3,DEL,0,FALSE,FALSE,FALSE
186,1571,CHEM,F324,NUMERICAL METHOD IN CHEM,4,3,1,active,B2,DEL,0,FALSE,FALSE,FALSE
187,1569,CHEM,F223,COLLOID & SURFACE CHEM,3,3,0,active,B2,DEL,0,FALSE,FALSE,FALSE
188,1580,CHEM,F329,ANALYTICAL CHEMISTRY,4,3,1,active,B2,DEL,0,FALSE,FALSE,FALSE
189,1584,CHEM,F334,MAGNETIC RESONANCE,3,3,0,active,B2,DEL,0,FALSE,FALSE,FALSE
190,1336,BITS,F364,HUMAN COMPUTER INTERACTION,3,3,0,active,A7,DEL,0,FALSE,FALSE,FALSE
191,1439,BIO,F352,CELL & TISSUE CULTR TECH,4,3,1,active,B1,DEL,0,FALSE,FALSE,FALSE
192,1377,BIOT,F422,NANOBIOTECHOLOGY,3,3,0,active,B1,DEL,0,FALSE,FALSE,FALSE
193,1917,MF,F484,AUTOMOTIVE TECHNOLOGY,3,3,0,active,A4,DEL,0,FALSE,FALSE,FALSE
194,1918,CS,F406,ETHICAL HACKING,3,2,1,active,A7,DEL,0,FALSE,FALSE,FALSE
195,1913,MGTS,F322,MARKETING,3,3,0,active,B3,DEL,0,FALSE,FALSE,FALSE
196,1220,CE,F434,ENV IMPACT ASSESSMENT,3,3,0,active,A2,DEL,0,FALSE,FALSE,FALSE
197,1417,MF,F418,LEAN MANUFACTURING,3,3,0,active,A4,DEL,0,FALSE,FALSE,FALSE
198,1861,BITS,F218,GENERAL MATHEMATICS III,3,3,0,active,B4,CDC,2,FALSE,TRUE,FALSE
199,1874,ECON,F434,INTERNATIONAL BUSINESS,3,3,0,active,B3,DEL,0,FALSE,FALSE,FALSE
200,1863,PHA,F215,INTRODUCTION TO MOLECULAR BIO & IMMUNOLOGY,3,3,0,active,A5,CDC,2,TRUE,FALSE,FALSE
201,1901,EEE,F478,POWER SYSTEMS LAB,2,0,2,active,A3,DEL,0,FALSE,FALSE,FALSE
202,1894,ECE,F312,EM FIELDS LAB MICRO ENGG LAB,1,0,1,active,AA,DEL,0,FALSE,FALSE,FALSE
203,1931,MST,F331,MATERIALS CHARACTERIZATION,4,3,1,active,A1,DEL,0,FALSE,FALSE,FALSE
204,1932,MST,F332,MATERIALS PROCESSING,3,3,0,active,A1,DEL,0,FALSE,FALSE,FALSE
205,1711,CE,F491,SPECIAL PROJECT,3,0,0,active,A2,DEL,0,FALSE,FALSE,FALSE
206,1553,ECON,F415,NEW VENTURE CREATION,3,3,0,active,B3,DEL,0,FALSE,FALSE,FALSE
207,1331,IS,F462,NETWORK PROGRAMMING,3,3,0,active,A7,DEL,0,FALSE,FALSE,FALSE
208,1542,FIN,F315,FINANCIAL MANAGEMENT,3,3,0,active,B3,DEL,0,FALSE,FALSE,FALSE
209,1450,ECON,F342,APPLIED ECONOMETRICS,3,3,0,active,B3,CDC,3,TRUE,FALSE,FALSE
210,1451,ECON,F343,ECONOMIC ANAL OF PUB POL,3,3,0,active,B3,CDC,3,TRUE,FALSE,FALSE
211,1206,CHE,F411,ENVIR POLLUTION CONTROL,3,3,0,active,A1,DEL,0,FALSE,FALSE,FALSE
212,1283,ME,F441,AUTOMOTIVE VEHICLES,3,3,0,active,A4,DEL,0,FALSE,FALSE,FALSE
213,1244,EEE,F312,POWER SYSTEMS,3,3,0,active,A3,CDC,3,FALSE,TRUE,FALSE
214,1472,MATH,F341,INTRO TO FUNCTIONAL ANAL,3,3,0,active,B4,CDC,3,TRUE,FALSE,FALSE
215,1573,CHEM,F412,PHOTOCHEM & LASER SPECTR,3,3,0,active,B2,DEL,0,FALSE,FALSE,FALSE
216,1618,BIO,F411,LABORATORY,3,0,3,active,B1,DEL,0,FALSE,FALSE,FALSE
217,1595,ECE,F343,COMMUNICATION NETWORKS,3,3,0,active,AA,CDC,3,TRUE,FALSE,FALSE
218,1810,ME,F423,MICRO-FLUIDICS & ITS APP,4,0,0,active,A4,DEL,0,FALSE,FALSE,FALSE
219,1310,PHA,F441,BIOCHEMICAL ENGINEERING,3,3,0,active,A5,DEL,0,FALSE,FALSE,FALSE
220,1433,BIO,F417,BIOMOLECULAR MODELING,3,3,0,active,B1,DEL,0,FALSE,FALSE,FALSE
221,1202,CHE,F433,CORROSION ENGINEERING,3,3,0,active,A1,DEL,0,FALSE,FALSE,FALSE
222,1305,PHA,F415,PATHOPHYSIOLOGY,3,3,0,active,A5,DEL,0,FALSE,FALSE,FALSE
223,1858,BITS,F113,GENERAL MATHEMATICS I,3,3,0,active,B4,CDC,1,TRUE,TRUE,FALSE
224,1564,ECON,F353,ENERGY ECONOMIC & POLICY,3,3,0,active,B3,DEL,0,FALSE,FALSE,FALSE
225,1538,FIN,F243,FUNT & WORK STOCK EXCHAN,3,3,0,active,B3,DEL,0,FALSE,FALSE,FALSE
226,1089,PHA,F212,DISPENSING PHARMACY,3,2,1,active,A5,CDC,2,FALSE,TRUE,FALSE
227,1565,ECON,F354,DERIVATIVES & RISK MGMT,3,3,0,active,B3,DEL,0,FALSE,FALSE,FALSE
228,1218,CE,F425,AIRPORT RAIL & WATERWAYS,3,3,0,active,A2,DEL,0,FALSE,FALSE,FALSE
229,1379,BITS,F467,BIOETHICS AND BIOSAFETY,3,3,0,active,B1,DEL,0,FALSE,FALSE,FALSE
230,1889,EEE,F245,CONTROL SYSTEMS LABORATORY,1,0,1,active,A3,DEL,0,FALSE,FALSE,FALSE
231,1900,EEE,F246,ELECTRICAL & ELECTRONIC CIRCUITS LABORATORY,2,0,2,active,A3,DEL,0,FALSE,FALSE,FALSE
232,1923,ECON,F315,FINANCIAL MANAGEMENT,3,3,0,active,B3,DEL,0,FALSE,FALSE,FALSE
233,1232,CE,F419,GEOTECH EQ ENG & MC FOUN,3,3,0,active,A2,DEL,0,FALSE,FALSE,FALSE
234,1583,CHEM,F333,CHEMISTRY OF MATERIALS,3,3,0,active,B2,DEL,0,FALSE,FALSE,FALSE
235,1578,CHEM,F414,BIO & CHEMICAL SENSORS,3,3,0,active,B2,DEL,0,FALSE,FALSE,FALSE
236,1862,BITS,F219,PROCESS ENGINEERING,3,2,1,active,A5,CDC,2,FALSE,TRUE,FALSE
237,1495,PHY,F412,INTRO TO QUAN FIELD THEO,4,3,1,active,B5,DEL,0,FALSE,FALSE,FALSE
238,1620,ME,F412,PRODUCT PLAN & CONTROL,3,3,0,active,A4,DEL,0,FALSE,FALSE,FALSE
239,1551,ECON,F413,FINANCIAL ENGINEERING,3,3,0,active,B3,DEL,0,FALSE,FALSE,FALSE
240,1373,BIOT,F347,IMMUNOTECHNOLOGY,3,3,0,active,B1,DEL,0,FALSE,FALSE,FALSE
241,1933,MST,F333,INTRODUCTION TO BIO MATERIALS,3,3,0,active,A1,DEL,0,FALSE,FALSE,FALSE
242,1880,MATH,F456,COSMOLOGY,3,3,0,active,B4,DEL,0,FALSE,FALSE,FALSE
243,1921,MATH,F422,NUM MTHD FOR PARTIAL DIFF EQ,4,3,1,active,B4,DEL,0,FALSE,FALSE,FALSE
244,1902,EEE,F348,FPGA BASED SYSTEM DESIGN LAB,2,0,2,active,A3,DEL,0,FALSE,FALSE,FALSE
245,1278,ME,F416,REV ENG & RAPID PROTOTYP,3,3,0,active,A4,DEL,0,FALSE,FALSE,FALSE
246,1356,INSTR,F419,VIRTUAL INSTRUMENTATION,4,3,1,active,A8,DEL,0,FALSE,FALSE,FALSE
247,2170,MATH,F445,MATHEMATICAL FLUID DYNAMICS,3,3,0,active,B4,DEL,0,FALSE,FALSE,FALSE
248,1869,ME,F485,NUMERICAL TECHN  FOR FLOW AND HEAT TRANSFER,3,3,0,active,A4,DEL,0,FALSE,FALSE,FALSE
249,1249,EEE,F472,SATELLITE COMMUNICATION,3,3,0,active,A3,DEL,0,FALSE,FALSE,FALSE
250,1393,ECE,F472,SATELLITE COMMUNICATION,3,3,0,active,AA,DEL,0,FALSE,FALSE,FALSE
251,1221,CE,F426,GEOSYN & REIN SOIL STR,3,3,0,active,A2,DEL,0,FALSE,FALSE,FALSE
252,1476,MATH,F471,NONLINEAR OPTIMIZATION,3,3,0,active,B4,DEL,0,FALSE,FALSE,FALSE
253,1855,EEE,F474,ANTENNA THEORY AND DESIGN,4,3,1,active,A3,DEL,0,FALSE,FALSE,FALSE
254,2188,ECON,F418,QUANTITATIVE ANALYSIS OF INTERNATIONAL TRADE,3,3,0,active,B3,DEL,0,FALSE,FALSE,FALSE
255,1640,BITS,F466,SERVICE ORIENTED COMPUTING,4,3,1,active,A7,DEL,0,FALSE,FALSE,FALSE
256,1581,CHEM,F415,FRONTIERS IN ORGANIC SYNTHESIS,3,3,0,active,B2,DEL,0,FALSE,FALSE,FALSE
257,1438,BIO,F451,BIOPROCESS TECHNOLOGY,3,3,0,active,B1,DEL,0,FALSE,FALSE,FALSE
258,1207,CHE,F412,PROCESS EQUIPMENT DESIGN,3,3,0,active,A1,DEL,0,FALSE,FALSE,FALSE
259,1537,FIN,F242,INTRO TO FINANCIAL MATH,3,3,0,active,B3,DEL,0,FALSE,FALSE,FALSE
260,1809,BITS,F417,MICRO-FLUIDICS & ITS APP,4,0,0,active,A7,DEL,0,FALSE,FALSE,FALSE
261,1413,MF,F413,MECH VIBRAT & ACOUSTICS,3,3,0,active,A4,DEL,0,FALSE,FALSE,FALSE
262,1811,BITS,F441,ROBOTICS,3,3,0,active,A2,DEL,0,FALSE,FALSE,FALSE
263,1884,MF,F485,SUSTAINABLE MANUFACTURING,3,3,0,active,A4,DEL,0,FALSE,FALSE,FALSE
264,2191,MATH,F424,APPLIED STOCHASTIC PROCESS,4,3,1,active,B4,DEL,0,FALSE,FALSE,FALSE
265,1233,CE,F420,INTRO TO BRIDGE ENGG,3,3,0,active,A2,DEL,0,FALSE,FALSE,FALSE
266,1420,MF,F473,PRODUCT DESIGN & DEVELOP,3,3,0,active,A4,DEL,0,FALSE,FALSE,FALSE
267,1243,EEE,F313,ANALOG & DIGITAL VLSI DES,3,3,0,active,A3,CDC,3,FALSE,TRUE,FALSE
268,1096,INSTR,F211,ELECTRICAL MACHINES,4,3,1,active,A8,CDC,2,FALSE,TRUE,FALSE
269,1097,INSTR,F212,ELECTROMAGNETIC THEORY I,3,3,0,active,A8,CDC,2,FALSE,TRUE,FALSE
270,1099,INSTR,F214,ELECTRONIC DEVICES,3,3,0,active,A8,CDC,2,TRUE,FALSE,FALSE
271,1098,INSTR,F215,DIGITAL DESIGN,4,3,1,active,A8,CDC,2,TRUE,FALSE,FALSE
272,1532,IS,F311,COMPUTER GRAPHICS,3,3,0,active,A7,DEL,0,FALSE,FALSE,FALSE
273,1529,IS,F341,SOFTWARE ENGINEERING,4,3,1,active,A7,DEL,0,FALSE,FALSE,FALSE
274,1469,MATH,F311,INTRODUCTION TO TOPOLOGY,3,3,0,active,B4,CDC,3,FALSE,TRUE,FALSE
275,1470,MATH,F312,ORDINARY DIFF EQUATIONS,3,3,0,active,B4,CDC,3,FALSE,TRUE,FALSE
276,1471,MATH,F313,NUMERICAL ANALYSIS ,3,3,0,active,B4,CDC,3,FALSE,TRUE,FALSE
277,1267,ME,F311,HEAT TRANSFER,4,3,1,active,A4,CDC,3,FALSE,TRUE,FALSE
278,1268,ME,F312,ADV MECHANICS OF SOLIDS,3,3,0,active,A4,CDC,3,FALSE,TRUE,FALSE
279,1269,ME,F313,PRODUCTION TECHNIQUES II,4,3,1,active,A4,CDC,3,FALSE,TRUE,FALSE
280,1295,PHA,F311,PHARMACOLOGY I,3,2,1,active,A5,CDC,3,FALSE,TRUE,FALSE
281,1297,PHA,F312,MEDICINAL CHEMISTRY I,3,2,1,active,A5,CDC,3,FALSE,TRUE,FALSE
282,1299,PHA,F313,INSTRU METHODS OF ANAL,4,3,1,active,A5,CDC,3,FALSE,TRUE,FALSE
283,1300,PHA,F314,PHARMA FORMUL & BIOPHARM,3,2,1,active,A5,CDC,3,FALSE,TRUE,FALSE
284,1486,PHY,F311,QUANTUM MECHANICS II,3,3,0,active,B5,CDC,3,FALSE,TRUE,FALSE
285,1487,PHY,F312,STATISTICAL MECHANICS,3,3,0,active,B5,CDC,3,FALSE,TRUE,FALSE
286,1488,PHY,F313,COMPUTATIONAL PHYSICS,3,3,0,active,B5,CDC,3,FALSE,TRUE,FALSE
287,1257,EEE,F435,DIGITAL IMAGE PROCESSING,3,3,0,active,A3,DEL,0,FALSE,FALSE,FALSE
288,1214,CE,F411,OPER RESEARCH FOR ENGIN,3,3,0,active,A2,DEL,0,FALSE,FALSE,FALSE
289,1282,ME,F432,COMPUTER AIDED MANUFACT,3,3,0,active,A4,DEL,0,FALSE,FALSE,FALSE
290,1340,MATH,F231,NUMBER THEORY,3,3,0,active,B4,DEL,0,FALSE,FALSE,FALSE
291,1308,PHA,F422,COSMETIC SCIENCE,3,2,1,active,A5,DEL,0,FALSE,FALSE,FALSE
292,1335,BITS,F343,FUZZY LOGIC & APPL,3,3,0,active,A7,DEL,0,FALSE,FALSE,FALSE
293,1651,BIO,F266,STUDY PROJECT,3,0,0,active,B1,DEL,0,FALSE,FALSE,FALSE
294,1650,BIO,F366,LABORATORY PROJECT,3,0,0,active,B1,DEL,0,FALSE,FALSE,FALSE
295,1685,BIO,F376,DESIGN PROJECT,3,0,0,active,B1,DEL,0,FALSE,FALSE,FALSE
296,1652,CE,F266,STUDY PROJECT,3,0,0,active,A2,DEL,0,FALSE,FALSE,FALSE
297,1667,CE,F366,LABORATORY PROJECT,3,0,0,active,A2,DEL,0,FALSE,FALSE,FALSE
298,1686,CE,F376,DESIGN PROJECT,3,0,0,active,A2,DEL,0,FALSE,FALSE,FALSE
299,1653,CHE,F266,STUDY PROJECT,3,0,0,active,A1,DEL,0,FALSE,FALSE,FALSE
300,1668,CHE,F366,LABORATORY PROJECT,3,0,0,active,A1,DEL,0,FALSE,FALSE,FALSE
301,1687,CHE,F376,DESIGN PROJECT,3,0,0,active,A1,DEL,0,FALSE,FALSE,FALSE
302,1654,CHEM,F266,STUDY PROJECT,3,0,0,active,B2,DEL,0,FALSE,FALSE,FALSE
303,1669,CHEM,F366,LABORATORY PROJECT,3,0,0,active,B2,DEL,0,FALSE,FALSE,FALSE
304,1688,CHEM,F376,DESIGN PROJECT,3,0,0,active,B2,DEL,0,FALSE,FALSE,FALSE
305,1655,CS,F266,STUDY PROJECT,3,0,0,active,A7,DEL,0,FALSE,FALSE,FALSE
306,1670,CS,F366,LABORATORY PROJECT,3,0,0,active,A7,DEL,0,FALSE,FALSE,FALSE
307,1689,CS,F376,DESIGN PROJECT,3,0,0,active,A7,DEL,0,FALSE,FALSE,FALSE
308,1656,ECON,F266,STUDY PROJECT,3,0,0,active,B3,DEL,0,FALSE,FALSE,FALSE
309,1657,EEE,F266,STUDY PROJECT,3,0,0,active,A3,DEL,0,FALSE,FALSE,FALSE
310,1691,EEE,F376,DESIGN PROJECT,3,0,0,active,A3,DEL,0,FALSE,FALSE,FALSE
311,1662,MATH,F266,STUDY PROJECT,3,0,0,active,B4,DEL,0,FALSE,FALSE,FALSE
312,1679,MATH,F366,LABORATORY PROJECT,3,0,0,active,B4,DEL,0,FALSE,FALSE,FALSE
313,1663,ME,F266,STUDY PROJECT,3,0,0,active,A4,DEL,0,FALSE,FALSE,FALSE
314,1680,ME,F366,LABORATORY PROJECT,3,0,0,active,A4,DEL,0,FALSE,FALSE,FALSE
315,1697,ME,F376,DESIGN PROJECT,3,0,0,active,A4,DEL,0,FALSE,FALSE,FALSE
316,1665,PHA,F266,STUDY PROJECT,3,0,0,active,A5,DEL,0,FALSE,FALSE,FALSE
317,1682,PHA,F366,LABORATORY PROJECT,3,0,0,active,A5,DEL,0,FALSE,FALSE,FALSE
318,1726,ECON,F491,SPECIAL PROJECT,3,3,0,active,B3,DEL,0,FALSE,FALSE,FALSE
319,1511,BITS,F316,NONLINEAR DYNA & CHAOS,3,3,0,active,B5,DEL,0,FALSE,FALSE,FALSE
320,1541,FIN,F314,INVEST BANK & FIN SERV,3,3,0,active,B3,DEL,0,FALSE,FALSE,FALSE
321,1323,CS,F422,PARALLEL COMPUTING,3,3,0,active,A7,DEL,0,FALSE,FALSE,FALSE
322,1332,BITS,F311,IMAGE PROCESSING,3,3,0,active,B4,DEL,0,FALSE,FALSE,FALSE
323,1248,BITS,F415,INTRODUCTION TO MEMS,4,3,1,active,A4,DEL,0,FALSE,FALSE,FALSE
324,1701,ECE,F266,STUDY PROJECT,3,0,0,active,AA,DEL,0,FALSE,FALSE,FALSE
325,1702,ECE,F366,LABORATORY PROJECT,3,0,0,active,AA,DEL,0,FALSE,FALSE,FALSE
326,1703,ECE,F376,DESIGN PROJECT,3,0,0,active,AA,DEL,0,FALSE,FALSE,FALSE
327,1731,EEE,F366,LABORATORY PROJECT,3,0,0,active,A3,DEL,0,FALSE,FALSE,FALSE
328,1666,PHY,F266,STUDY PROJECT,3,0,0,active,B5,DEL,0,FALSE,FALSE,FALSE
329,1431,BIO,F341,DEVELOPMENTAL BIOLOGY,3,3,0,active,B1,CDC,3,TRUE,FALSE,FALSE
330,1432,BIO,F342,IMMUNOLOGY,3,3,0,active,B1,CDC,3,TRUE,FALSE,FALSE
331,1234,CE,F435,INTRODUCTION TO FEM,3,3,0,active,A2,DEL,0,FALSE,FALSE,FALSE
332,1198,CE,F341,HYDRO & WATER RES ENGG,3,3,0,active,A2,CDC,3,TRUE,FALSE,FALSE
333,1199,CE,F342,WATER & WASTEWATER TREAT,4,3,1,active,A2,CDC,3,TRUE,FALSE,FALSE
334,1236,CE,F423,GREEN BUILD & ENER CONSE,3,3,0,active,A2,DEL,0,FALSE,FALSE,FALSE
335,1449,ECON,F341,PUBLIC FIN THEO & POLICY,3,3,0,active,B3,CDC,3,TRUE,FALSE,FALSE
336,1270,ME,F341,PRIMEMOVERS & FLUID MACH,3,2,1,active,A4,CDC,3,TRUE,FALSE,FALSE
337,1272,ME,F342,COMPUTER AIDED DESIGN,4,3,1,active,A4,CDC,3,TRUE,FALSE,FALSE
338,1271,ME,F343,MECHANICAL VIBRATIONS,3,3,0,active,A4,CDC,3,TRUE,FALSE,FALSE
339,1273,ME,F344,ENGINEERING OPTIMIZATION,2,2,0,active,A4,CDC,3,TRUE,FALSE,FALSE
340,1203,CHE,F419,CHEMICAL PROCESS TECH,3,3,0,active,A1,DEL,0,FALSE,FALSE,FALSE
341,1190,CHE,F343,PROCESS DES PRINCIPLE II,3,3,0,active,A1,CDC,3,TRUE,FALSE,FALSE
342,1205,CHE,F421,BIOCHEMICAL ENGINEERING,3,3,0,active,A1,DEL,0,FALSE,FALSE,FALSE
343,1188,CHE,F341,CHEMICAL ENGG LAB II,3,0,3,active,A1,CDC,3,TRUE,FALSE,FALSE
344,1189,CHE,F342,PROCESS DYN & CONTROL,3,3,0,active,A1,CDC,3,TRUE,FALSE,FALSE
345,1228,CE,F433,REMOTE SENS & IMAGE PROC,4,3,1,active,A2,DEL,0,FALSE,FALSE,FALSE
346,1231,CE,F417,APP OF AI IN CIVIL ENGG,3,3,0,active,A2,DEL,0,FALSE,FALSE,FALSE
347,1342,INSTR,F242,CONTROL SYSTEMS,3,3,0,active,A8,CDC,2,TRUE,FALSE,FALSE
348,1343,INSTR,F243,SIGNALS & SYSTEMS,3,3,0,active,A8,CDC,2,TRUE,FALSE,FALSE
349,1344,INSTR,F244,MICROELECTRONIC CIRCUITS,3,3,0,active,A8,CDC,2,TRUE,FALSE,FALSE
350,1322,CS,F415,DATA MINING,3,3,0,active,A7,DEL,0,FALSE,FALSE,FALSE
351,1338,BITS,F463,CRYPTOGRAPHY,3,3,0,active,A7,DEL,0,FALSE,FALSE,FALSE
352,1326,CS,F446,DATA STORAGE TECH & NETW,3,3,0,active,A7,DEL,0,FALSE,FALSE,FALSE
353,1325,CS,F441,SEL TOPICS FROM COMP SC,3,3,0,active,A7,DEL,0,FALSE,FALSE,FALSE
354,1245,EEE,F341,ANALOG ELECTRONICS,4,3,1,active,A3,CDC,3,TRUE,FALSE,FALSE
355,1246,EEE,F342,POWER ELECTRONICS,4,3,1,active,A3,CDC,3,TRUE,FALSE,FALSE
356,1251,EEE,F345,POWER APPARATUS & NETWK,3,3,0,active,A3,DEL,0,FALSE,FALSE,FALSE
357,1255,EEE,F346,DATA COMMUNIC & NETWORKS,2,2,0,active,A3,DEL,0,FALSE,FALSE,FALSE
358,1391,ECE,F341,ANALOG ELECTRONICS,4,3,1,active,AA,CDC,3,TRUE,FALSE,FALSE
359,1390,ECE,F344,INFO THEORY & CODING,3,3,0,active,AA,CDC,3,TRUE,FALSE,FALSE
360,1475,MATH,F314,ALGEBRA-II,3,3,0,active,B4,DEL,0,FALSE,FALSE,FALSE
361,1473,MATH,F342,DIFFERENTIAL GEOMETRY,3,3,0,active,B4,CDC,3,TRUE,FALSE,FALSE
362,1474,MATH,F343,PARTIAL DIFF EQUATIONS,3,3,0,active,B4,CDC,3,TRUE,FALSE,FALSE
363,1479,MATH,F353,STATISTICAL INFER & APP,3,3,0,active,B4,DEL,0,FALSE,FALSE,FALSE
364,1337,BITS,F386,QUANTUM INFO & COMPUTING,3,3,0,active,B5,DEL,0,FALSE,FALSE,FALSE
365,1397,ECE,F418,MOD COMMUNICATION TECH,3,3,0,active,AA,DEL,0,FALSE,FALSE,FALSE
366,1753,CE,F377,DESIGN PROJECT,3,0,0,active,A2,DEL,0,FALSE,FALSE,FALSE
367,1754,CHE,F377,DESIGN PROJECT,3,0,0,active,A1,DEL,0,FALSE,FALSE,FALSE
368,1755,CHEM,F377,DESIGN PROJECT,3,0,0,active,B2,DEL,0,FALSE,FALSE,FALSE
369,1756,CS,F377,DESIGN PROJECT,3,0,0,active,A7,DEL,0,FALSE,FALSE,FALSE
370,1706,ECE,F377,DESIGN PROJECT,3,0,0,active,AA,DEL,0,FALSE,FALSE,FALSE
371,1757,ECON,F377,DESIGN PROJECT,3,0,0,active,B3,DEL,0,FALSE,FALSE,FALSE
372,1182,CHE,F243,MATERIAL SCIENCE & ENGINEERING,3,3,0,active,A1,CDC,2,TRUE,FALSE,FALSE
373,1557,CHEM,F244,PHYSICAL CHEMISTRY III,3,3,0,active,B2,CDC,2,TRUE,FALSE,FALSE
374,1556,CHEM,F243,ORGANIC CHEMISTRY II,3,3,0,active,B2,CDC,2,TRUE,FALSE,FALSE
375,1482,PHY,F241,ELECTROMAGNETIC THEORY II,4,3,1,active,B5,CDC,2,TRUE,FALSE,FALSE
376,1483,PHY,F242,QUANTUM MECHANICS I,3,3,0,active,B5,CDC,2,TRUE,FALSE,FALSE
377,1484,PHY,F243,MATHEMATICAL METHODS OF PHYSICS,3,3,0,active,B5,CDC,2,TRUE,FALSE,FALSE
378,1485,PHY,F244,MODERN PHYSICS LAB,2,0,2,active,B5,CDC,2,TRUE,FALSE,FALSE
379,1426,BIO,F244,INSTRU METHODS OF ANAL,4,1,3,active,B1,CDC,2,TRUE,FALSE,FALSE
380,1430,BIO,F242,INTRODUCTION TO BIOINFORMATICS,3,3,0,active,B1,CDC,2,TRUE,FALSE,FALSE
381,1424,BIO,F241,ECOLOGY & ENVIRONMENTAL SCIENCE,3,3,0,active,B1,CDC,2,TRUE,FALSE,FALSE
382,1240,EEE,F243,SIGNALS & SYSTEMS,3,3,0,active,A3,CDC,2,TRUE,FALSE,FALSE
383,1386,ECE,F243,SIGNALS & SYSTEMS,3,3,0,active,AA,CDC,2,TRUE,FALSE,FALSE
384,1241,EEE,F244,MICROELECTRONIC CIRCUITS,3,3,0,active,A3,CDC,2,TRUE,FALSE,FALSE
385,1387,ECE,F244,MICROELECTRONIC CIRCUITS,3,3,0,active,AA,CDC,2,TRUE,FALSE,FALSE
386,1385,ECE,F242,CONTROL SYSTEMS,3,3,0,active,AA,CDC,2,TRUE,FALSE,FALSE
387,1239,EEE,F242,CONTROL SYSTEMS,3,3,0,active,A3,CDC,2,TRUE,FALSE,FALSE
388,1256,EEE,F434,DIGITAL SIGNAL PROCESS,4,3,1,active,A3,DEL,0,FALSE,FALSE,FALSE
389,1392,ECE,F434,DIGITAL SIGNAL PROCESS,4,3,1,active,AA,DEL,0,FALSE,FALSE,FALSE
390,1007,CHEM,F111,GENERAL CHEMISTRY,3,3,0,active,B2,CDC,1,TRUE,TRUE,FALSE
391,1015,PHY,F111,MECH OSCIL & WAVES,3,3,0,active,B5,CDC,1,TRUE,TRUE,FALSE
392,1114,BIO,F212,MICROBIOLOGY,4,3,1,active,B1,CDC,2,FALSE,TRUE,FALSE
393,1113,BIO,F213,CELL BIOLOGY,3,3,0,active,B1,CDC,3,FALSE,TRUE,FALSE
394,1115,BIO,F214,INTEGRATED BIOLOGY,3,3,0,active,B1,CDC,2,TRUE,FALSE,FALSE
395,1073,CE,F211,MECHANICS OF SOLIDS,3,3,0,active,A2,CDC,2,FALSE,TRUE,FALSE
396,1074,CE,F212,TRANSPORT PHENOMENA,3,3,0,active,A2,CDC,2,FALSE,TRUE,FALSE
397,1075,CE,F213,SURVEYING,4,3,1,active,A2,CDC,3,FALSE,TRUE,FALSE
398,1076,CE,F214,CONSTRUCTION MATERIALS,3,3,0,active,A2,CDC,2,TRUE,FALSE,FALSE
399,1069,CHE,F211,CHEMICAL PROCESS CALCULA,3,3,0,active,A1,CDC,2,FALSE,TRUE,FALSE
400,1072,CHE,F212,FLUID MECHANICS,3,3,0,active,A1,CDC,2,FALSE,TRUE,FALSE
401,1071,CHE,F213,CHEM ENGG THERMODYNAMICS,3,3,0,active,A1,CDC,3,FALSE,TRUE,FALSE
402,1070,CHE,F214,ENGINEERING CHEMISTRY,3,3,0,active,A1,CDC,2,TRUE,FALSE,FALSE
403,1117,CHEM,F212,ORGANIC CHEMISTRY I,3,3,0,active,B2,CDC,2,FALSE,TRUE,FALSE
404,1118,CHEM,F213,PHYSICAL CHEMISTRY II,3,3,0,active,B2,CDC,3,FALSE,TRUE,FALSE
405,1119,CHEM,F214,INORGANIC CHEMISTRY I,3,3,0,active,B2,CDC,2,TRUE,FALSE,FALSE
406,1092,CS,F213,OBJECT ORIENTED PROG,4,3,1,active,A7,CDC,3,FALSE,TRUE,FALSE
407,1090,CS,F214,LOGIC IN COMPUTER SC,3,3,0,active,A7,CDC,2,TRUE,FALSE,FALSE
408,1093,CS,F215,DIGITAL DESIGN,4,3,1,active,A7,CDC,2,TRUE,FALSE,FALSE
409,1091,CS,F222,DISCR STRUC FOR COMP SCI,3,3,0,active,A7,CDC,2,FALSE,TRUE,FALSE
410,1380,ECE,F211,ELECTRICAL MACHINES,4,3,1,active,AA,CDC,2,FALSE,TRUE,FALSE
411,1381,ECE,F212,ELECTROMAGNETIC THEO I,3,3,0,active,AA,CDC,2,FALSE,TRUE,FALSE
412,1382,ECE,F215,DIGITAL DESIGN,4,3,1,active,AA,CDC,2,TRUE,FALSE,FALSE
413,1383,ECE,F214,ELECTRONIC DEVICES,3,3,0,active,AA,CDC,2,TRUE,FALSE,FALSE
414,1023,ECON,F211,PRINCIPLES OF ECONOMICS,3,3,0,active,B3,CDC,2,FALSE,TRUE,FALSE
415,1120,ECON,F212,FUNDA OF FIN AND ACCOUNT,3,3,0,active,B3,CDC,2,FALSE,TRUE,FALSE
416,1121,ECON,F213,MATHEMATIC & STAT METHOD,3,3,0,active,B3,CDC,3,FALSE,TRUE,FALSE
417,1145,ECON,F214,ECONOMIC ENV OF BUSINESS,3,3,0,active,B3,CDC,2,TRUE,FALSE,FALSE
418,1077,EEE,F211,ELECTRICAL MACHINES,4,3,1,active,A3,CDC,2,FALSE,TRUE,FALSE
419,1078,EEE,F212,ELECTROMAGNETIC THEO I,3,3,0,active,A3,CDC,2,FALSE,TRUE,FALSE
420,1079,EEE,F215,DIGITAL DESIGN,4,3,1,active,A3,CDC,2,TRUE,FALSE,FALSE
421,1022,MATH,F211,MATHEMATICS III,3,3,0,active,B4,CDC,2,FALSE,TRUE,FALSE
422,1122,MATH,F212,OPTIMIZATION,3,3,0,active,B4,CDC,2,FALSE,TRUE,FALSE
423,1467,MATH,F243,GRAPHS AND NETWORKS,3,3,0,active,B4,CDC,2,TRUE,FALSE,FALSE
424,1124,MATH,F214,ELEMENTARY REAL ANALYSIS,3,3,0,active,B4,CDC,2,TRUE,FALSE,FALSE
425,1125,MATH,F215,ALGEBRA I,3,3,0,active,B4,CDC,2,TRUE,FALSE,FALSE
426,1083,ME,F211,MECHANICS OF SOLIDS,3,3,0,active,A4,CDC,2,FALSE,TRUE,FALSE
427,1082,ME,F212,FLUID MECHANICS,3,3,0,active,A4,CDC,2,FALSE,TRUE,FALSE
428,1081,ME,F213,MATERIALS SCIENCE & ENGG,2,2,0,active,A4,CDC,3,FALSE,TRUE,FALSE
429,1084,ME,F214,APPLIED THERMODYNAMICS,3,3,0,active,A4,CDC,2,TRUE,FALSE,FALSE
430,1265,ME,F243,PRODUCTION TECHNIQUES I,3,2,1,active,A4,CDC,2,TRUE,FALSE,FALSE
431,1293,PHA,F243,INDUSTRIAL PHARMACY,3,2,1,active,A5,CDC,2,TRUE,FALSE,FALSE
432,1088,PHA,F213,MICROBIOLOGY,3,2,1,active,A5,CDC,3,FALSE,TRUE,FALSE
433,1440,BIO,F413,MOLECULAR BIO OF CELL,3,3,0,active,B1,DEL,0,FALSE,FALSE,FALSE
434,1087,PHA,F214,ANATOMY PHYSIO & HYGIENE,3,2,1,active,A5,CDC,2,TRUE,FALSE,FALSE
435,1126,PHY,F211,CLASSICAL MECHANICS,4,3,1,active,B5,CDC,2,FALSE,TRUE,FALSE
436,1127,PHY,F212,ELECTROMAGNETIC THEO I,3,3,0,active,B5,CDC,2,FALSE,TRUE,FALSE
437,1128,PHY,F213,OPTICS,3,3,0,active,B5,CDC,3,FALSE,TRUE,FALSE
438,1129,PHY,F214,ELEC MAGNET & OPTICS LAB,2,0,2,active,B5,CDC,2,TRUE,FALSE,FALSE
439,1080,EEE,F214,ELECTRONIC DEVICES,3,3,0,active,A3,CDC,2,TRUE,FALSE,FALSE
440,1116,CHEM,F211,PHYSICAL CHEMISTRY I,3,3,0,active,B2,CDC,2,FALSE,TRUE,FALSE
441,1001,BIO,F110,BIOLOGY LABORATORY,1,0,2,active,B1,CDC,1,TRUE,TRUE,FALSE
442,1002,BIO,F111,GENERAL BIOLOGY,3,3,0,active,B1,CDC,1,TRUE,TRUE,FALSE
443,1006,CHEM,F110,CHEMISTRY LABORATORY,1,0,2,active,B2,CDC,1,TRUE,TRUE,FALSE
444,1008,CS,F111,COMPUTER PROGRAMMING,4,3,1,active,A7,CDC,1,TRUE,TRUE,FALSE
445,1011,MATH,F112,MATHEMATICS II,3,3,0,active,B4,CDC,1,TRUE,FALSE,FALSE
446,1883,CS,F444,REAL TIME SYSTEMS,3,3,0,active,A7,DEL,0,FALSE,FALSE,FALSE
447,2277,BITS,F314,GAME THEORY AND ITS APPLICATIONS,3,3,0,active,B3,DEL,0,FALSE,FALSE,FALSE
448,556,CS,F402,COMPUTATIONAL GEOMETRY,3,3,0,active,A7,DEL,0,FALSE,FALSE,FALSE
449,1223,CE,F415,DES OF PREST CONC STRUCT,3,3,0,active,A2,DEL,0,FALSE,FALSE,FALSE
450,1509,PHY,F426,PHY OF SEMICONDUCTOR DEV,4,3,1,active,B5,DEL,0,FALSE,FALSE,FALSE
451,1288,ME,F472,PRECISION ENGINEERING,3,3,0,active,A4,DEL,0,FALSE,FALSE,FALSE
452,2280,CE,F231,FLUID MECHANICS,3,3,0,active,A2,CDC,2,FALSE,FALSE,FALSE
453,1259,EEE,F426,FIBRE OPTICS & OPTOELECT,3,3,0,active,A3,DEL,0,FALSE,FALSE,FALSE
454,1895,EEE,F477,MODELING OF FIELD-EFFECT NANO  DEVICES,3,3,0,active,A3,DEL,0,FALSE,FALSE,FALSE
455,1502,PHY,F419,ADV SOLID STATE PHYSICS,4,3,1,active,B5,DEL,0,FALSE,FALSE,FALSE
456,2504,PHA,F216,PHARMACEUTICAL FORMULATIONS I,3,2,1,active,A5,CDC,1,TRUE,FALSE,FALSE
457,2266,CS,F320,FOUNDATIONS OF DATA SCIENCE,3,3,0,active,A7,DEL,0,FALSE,FALSE,FALSE
458,2273,MATH,F432,APPLIED STATISTICAL METHODS,3,3,0,active,B4,DEL,0,FALSE,FALSE,FALSE
459,1224,CE,F428,EARTHQUAKE RES DES & CON,3,3,0,active,A2,DEL,0,FALSE,FALSE,FALSE
460,1941,BIO,F216,WATER SANITATION AND SOLID WASTE MANAGEMENT,3,3,0,active,B1,DEL,0,FALSE,FALSE,FALSE
461,2311,ME,F426,INDUSTRY 4.0 IN MANUFACTURING,3,3,0,active,A4,DEL,0,FALSE,FALSE,FALSE
462,2291,ME,F414,FUEL CELL SCIENCE AND TECHNOLOGY,3,3,0,active,A4,DEL,0,FALSE,FALSE,FALSE
463,1713,CHEM,F491,SPECIAL PROJECT,3,0,0,active,B2,DEL,0,FALSE,FALSE,FALSE
464,2437,CS,F315,INFORMATION AND COMMUNICATION TECH. AND DEV.,3,3,0,active,A7,DEL,0,FALSE,FALSE,FALSE
465,2439,CS,F317,REINFORCEMENT LEARNING,3,3,0,active,A7,DEL,0,FALSE,FALSE,FALSE
466,2440,CS,F425,DEEP LEARNING,3,3,0,active,A7,DEL,0,FALSE,FALSE,FALSE
467,2441,CS,F426,GRAPH MINING,4,3,1,active,A7,DEL,0,FALSE,FALSE,FALSE
468,2444,CS,F429,NATURAL LANGUAGE PROCESSING,3,3,0,active,A7,DEL,0,FALSE,FALSE,FALSE
469,2434,BITS,F452,BLOCKCHAIN TECHNOLOGY,3,3,0,active,A7,DEL,0,FALSE,FALSE,FALSE
470,2436,BITS,F454,BIO INSPIRED INTEL  ALGORITHMS AND APPLICATIONS,3,3,0,active,A7,DEL,0,FALSE,FALSE,FALSE
471,2448,PHY,F346,LASER SCIENCE & TECHNOLOGY,3,3,0,active,B5,DEL,0,FALSE,FALSE,FALSE
472,1806,BITS,F431,FLEXIBLE MANUFACTURING SYSTEMS,4,3,1,active,A4,DEL,0,FALSE,FALSE,FALSE
473,2264,BIO,F217,LAB FOR WATER SANITATION & SOLID WASTE MANAGEMENT,3,1,2,active,B1,DEL,0,FALSE,FALSE,FALSE
474,2407,ME,F319,VIBRATIONS AND CONTROL,3,3,0,active,A4,DEL,0,FALSE,FALSE,FALSE
475,1396,ECE,F416,DIGITAL COMMUNICATION,3,3,0,active,AA,DEL,0,FALSE,FALSE,FALSE
476,1925,ECON,F417,RISK MANAGEMENT AND INSURANCE,3,3,0,active,B3,DEL,0,FALSE,FALSE,FALSE
477,2184,ECON,F345,BEHAVIORAL ECONOMICS,3,3,0,active,B3,DEL,0,FALSE,FALSE,FALSE
478,1816,BITS,F446,PATTERN RECOGNITION,3,3,0,active,B5,DEL,0,FALSE,FALSE,FALSE
479,2274,PHY,F431,GEOMETRICAL METHODS IN,3,3,0,active,B5,DEL,0,FALSE,FALSE,FALSE
480,2288,EEE,F411,INTERNET OF THINGS,4,3,1,active,A3,DEL,0,FALSE,FALSE,FALSE
481,2190,MATH,F423,INTRODUCTION TO ALGEBRAIC TOPOLOGY,3,3,0,active,B4,DEL,0,FALSE,FALSE,FALSE
482,1477,MATH,F481,COMMUTATIVE ALGEBRA,3,3,0,active,B4,DEL,0,FALSE,FALSE,FALSE
483,2263,CHE,F498,COLLOIDS AND INTERFACE ENGINEERING,3,3,0,active,A1,DEL,0,FALSE,FALSE,FALSE
484,2397,ME,F218,ADVANCED MECHANICS OF SOLIDS,2,2,0,active,A4,CDC,2,TRUE,FALSE,FALSE
485,2398,ME,F219,MANUFACTURING PROCESSES,4,3,1,active,A4,CDC,2,TRUE,FALSE,FALSE
486,2430,ME,F220,HEAT TRANSFER,4,3,1,active,A4,DEL,2,TRUE,FALSE,FALSE
487,2399,ME,F221,MECHANISMS AND MACHINES,3,3,0,active,A4,DEL,2,TRUE,FALSE,FALSE
488,1368,BIOT,F345,PROTEOMICS,3,3,0,active,B1,DEL,0,FALSE,FALSE,FALSE
489,1882,MATH,F420,MATHEMATICAL MODELLING,3,3,0,active,B4,DEL,0,FALSE,FALSE,FALSE
490,2500,INSTR,F216,ELECTRONIC DEVICE SIMULATION ,2,0,2,active,A8,DEL,0,FALSE,FALSE,FALSE
491,2494,EEE,F216,ELECTRONIC DEVICE SIMULATION LAB ,2,0,2,active,A3,DEL,0,FALSE,FALSE,FALSE
492,1280,ME,F418,ROCKET AND SPACECRAFT PROPULSION,3,3,0,active,A4,DEL,0,FALSE,FALSE,FALSE
493,1866,ME,F482,COMBUSTION,3,3,0,active,A4,DEL,0,FALSE,FALSE,FALSE
494,2282,CE,F321,ENGINEERING HYDROLOGY,3,3,0,active,A2,DEL,0,FALSE,FALSE,FALSE
495,1436,BIO,F421,ENZYMOLOGY,3,3,0,active,B1,DEL,0,FALSE,FALSE,FALSE
496,1372,BIOT,F346,GENOMICS,3,3,0,active,B1,DEL,0,FALSE,FALSE,FALSE
497,2336,BITS,F327,ARTIFICIAL INTELLIGENCE FOR ROBOTICS,3,2,1,active,A4,DEL,0,FALSE,FALSE,FALSE
498,2178,CHE,F422,PETRO. REFI. TECH.,3,3,0,active,A1,DEL,0,FALSE,FALSE,FALSE
499,1503,PHY,F422,GROUP THEORY AND APPLICATIONS,3,3,0,active,B5,DEL,0,FALSE,FALSE,FALSE
500,1480,MATH,F421,COMBINATORIAL MATHEMATICS,3,3,0,active,B4,DEL,0,FALSE,FALSE,FALSE
501,1725,PHY,F491,SPECIAL PROJECT,3,0,0,active,B5,DEL,0,FALSE,FALSE,FALSE
502,1290,ME,F491,SPECIAL PROJECT,3,3,0,active,A4,DEL,0,FALSE,FALSE,FALSE
503,1590,ECON,F416,REGIONAL ECONOMICS,3,3,0,active,B3,DEL,0,FALSE,FALSE,FALSE
504,2406,ME,F318,COMPUTER-AIDED DESIGN,3,2,1,active,A4,DEL,0,FALSE,FALSE,FALSE
505,1942,FIN,F414,FINANCIAL RISK ANALYTICS AND MANAGEMENT,3,3,0,active,B3,DEL,0,FALSE,FALSE,FALSE
506,1334,BITS,F312,NEURAL NETWORKS AND FUZZY LOGIC,3,3,0,active,A3,DEL,0,FALSE,FALSE,FALSE
507,2279,CE,F230,CIVIL ENGINEERING MATERIALS,4,3,1,active,A2,CDC,2,FALSE,TRUE,FALSE
508,1504,PHY,F420,QUANTUM OPTICS,4,3,1,active,B5,DEL,0,FALSE,FALSE,FALSE
509,2281,CE,F320,DESIGN OF REINFORCED CONCRETE,3,3,0,active,A2,DEL,0,FALSE,FALSE,FALSE
510,1501,PHY,F418,LASERS AND APPLICATIONS,4,3,1,active,B5,DEL,0,FALSE,FALSE,FALSE
511,2310,ME,F425,ADDITIVE MANUFACTURING,3,3,0,active,A4,DEL,0,FALSE,FALSE,FALSE
512,2309,ME,F424,ENERGY MANAGEMENT,3,3,0,active,A4,DEL,0,FALSE,FALSE,FALSE
513,1209,CHE,F491,SPECIAL PROJECT,3,0,0,active,A1,DEL,0,FALSE,FALSE,FALSE
514,2408,ME,F320,ENGINEERING OPTIMIZATION,3,3,0,active,A4,DEL,0,FALSE,FALSE,FALSE
515,2516,ECE,F216,ELECTRONIC DEVICES SIMULATION LABORATORY,2,0,2,active,AA,DEL,0,FALSE,FALSE,FALSE
516,1307,PHA,F417,PHARMACOECONOMICS,3,3,0,active,A5,DEL,0,FALSE,FALSE,FALSE
517,2136,PHY,F379,THIN FILM TECHNOLOGY,3,3,0,active,B5,DEL,0,FALSE,FALSE,FALSE
518,1784,BITS,F319,NEGOTIATION SKILLS AND TECHNIQUES,2,2,0,active,B3,DEL,0,FALSE,FALSE,FALSE
519,2394,ME,F216,MATERIALS SCIENCE AND ENGINEER,3,2,1,active,A4,CDC,2,FALSE,TRUE,FALSE
520,2396,ME,F217,APPLIED THERMODYNAMICS,4,3,1,active,A4,CDC,2,FALSE,TRUE,FALSE
521,1478,MATH,F354,COMPLEX ANALYSIS,3,3,0,active,B4,DEL,0,FALSE,FALSE,FALSE
522,1585,CHEM,F335,ORGANIC CHEM & DRUG DES,3,3,0,active,B2,DEL,0,FALSE,FALSE,FALSE
523,1505,PHY,F421,ADV QUANTUM MECHANICS,3,3,0,active,B5,DEL,0,FALSE,FALSE,FALSE
524,1508,PHY,F425,ADV MATH METHODS OF PHY,4,3,1,active,B5,DEL,0,FALSE,FALSE,FALSE
525,1321,CS,F314,SOFTWARE DEVELOPMENT FOR PORTABLE DEVICES,3,2,1,active,A7,DEL,0,FALSE,FALSE,FALSE
526,1506,PHY,F423,SPECIAL TOPICS IN STATISTICAL MECHANICS,4,3,1,active,B5,DEL,0,FALSE,FALSE,FALSE
527,1260,EEE,F416,DIGITAL COMMUNICATION,3,3,0,active,A3,DEL,0,FALSE,FALSE,FALSE
528,2401,ME,F314,DESIGN OF MACHINE ELEMENTS,3,3,0,active,A4,DEL,0,FALSE,FALSE,FALSE
